#trial,map_id,start_x,start_y,start_z,end_x,end_y,end_z
0,0,-1.72334,-4.168233,1,3.230813,0.271203,1
1,0,-2.338555,-4.092671,1,-4.262509,0.007071,1
2,0,3.206417,0.243961,1,-4.05071,-0.278362,1
3,0,-2.27029,3.237644,1,-2.571202,-4.193711,1
4,0,-2.137596,3.417367,1,1.45422,1.073316,1
5,0,-2.691655,1.346439,1,-2.304052,-4.200032,1
6,0,2.958314,0.384629,1,-3.07968,-0.177667,1
7,0,-4.413772,-2.265092,1,0.088012,-0.78557,1
8,0,-3.183203,-0.087088,1,3.218541,4.021955,1
9,0,3.536284,4.318409,1,-3.717116,-3.571907,1
10,0,2.671664,2.656572,1,-2.025232,1.926374,1
11,0,-2.824278,2.352646,1,0.544998,-0.212569,1
12,0,2.983385,1.75862,1,-3.407156,-4.06637,1
13,0,3.341708,4.085745,1,1.170387,0.690645,1
14,0,1.586246,0.04106,1,-4.142995,-1.309709,1
15,0,-3.187884,1.226596,1,-2.690808,-4.404404,1
16,0,2.311181,4.011493,1,-2.876208,-0.421827,1
17,0,2.548557,3.589783,1,-2.892426,-3.003389,1
18,0,-2.162443,-4.185879,1,2.425929,2.59558,1
19,0,-3.434542,-4.340625,1,-3.472323,0.667766,1
20,0,2.57946,2.982161,1,-1.492093,2.398132,1
21,0,3.151269,3.37245,1,-0.990595,1.066535,1
22,0,-4.042004,-3.960163,1,-2.821919,2.01559,1
23,0,3.070211,1.040266,1,-1.622424,1.927686,1
24,0,-3.166744,-3.461483,1,2.681281,4.289333,1
25,0,2.741337,3.643028,1,-2.574952,2.787346,1
26,0,3.163105,2.309443,1,-2.870731,1.626372,1
27,0,0.786624,0.793471,1,-2.184581,3.742109,1
28,0,2.356382,3.715827,1,-2.703641,-0.08654,1
29,0,-1.357061,1.870768,1,-3.93906,-3.784398,1
30,0,-3.604072,-3.643132,1,0.709882,0.992634,1
31,0,0.679451,-0.471163,1,-3.029278,-3.079007,1
32,0,-3.697334,-1.096627,1,0.188644,0.546203,1
33,0,2.73642,1.01856,1,-1.526376,-3.798895,1
34,0,2.696743,4.155784,1,-2.667553,-3.560219,1
35,0,-4.162129,-2.899761,1,0.395068,-0.097716,1
36,0,3.175588,2.108106,1,-3.016565,0.598796,1
37,0,-2.071958,-3.392336,1,-2.867174,1.406998,1
38,0,0.766832,-1.862598,1,-3.713927,0.036766,1
39,0,1.729041,9E-05,1,-2.517918,1.345165,1
40,0,-3.138763,-3.190842,1,2.613176,-0.343155,1
41,0,-4.304208,-0.825435,1,2.177079,0.171247,1
42,0,1.618382,0.141777,1,-3.728293,-1.418622,1
43,0,-2.965416,0.256509,1,2.095628,1.226721,1
44,0,2.309861,1.838137,1,-3.650838,0.370413,1
45,0,3.471851,1.395278,1,-3.853366,-3.523959,1
46,0,-2.576216,1.543684,1,-1.564494,-4.44803,1
47,0,2.85079,3.233079,1,-2.691679,0.958486,1
48,0,-3.013553,1.208013,1,-3.848633,-3.979325,1
49,0,-1.719985,2.216218,1,1.326141,-1.545365,1
50,0,-1.406688,-2.21217,1,2.704413,3.073069,1
51,0,3.929388,1.224134,1,-3.230412,-3.532073,1
52,0,-2.856952,3.214195,1,2.216332,-0.102999,1
53,0,-3.69494,-0.854063,1,2.306945,2.832543,1
54,0,-3.782298,0.910455,1,2.697303,3.568559,1
55,0,2.951212,1.025767,1,-4.063731,0.871387,1
56,0,0.733521,-1.711905,1,-3.262336,-0.078209,1
57,0,-3.135508,1.515244,1,1.14716,0.319486,1
58,0,-4.223204,0.618691,1,4.272998,-3.720373,1
59,0,4.238465,-4.112021,1,0.812188,0.439621,1
60,0,-2.672577,1.996622,1,-2.007113,-3.556564,1
61,0,1.35308,1.210957,1,-3.583623,0.042405,1
62,0,2.328962,2.85882,1,-2.997947,3.511127,1
63,0,1.155546,1.266448,1,-2.805852,2.051,1
64,0,-0.187412,0.16237,1,4.238186,1.197714,1
65,0,-4.420999,-3.737934,1,2.550382,4.27635,1
66,0,2.541455,4.230921,1,-3.876477,-1.954336,1
67,0,-4.036474,-1.025941,1,2.576486,3.007115,1
68,0,2.676418,2.564115,1,-1.461408,-1.880683,1
69,0,-2.539215,3.416655,1,-0.061902,-0.383567,1
70,0,3.390956,1.789566,1,-4.259101,-2.71635,1
71,0,-2.774888,2.457989,1,2.608626,3.173416,1
72,0,0.499769,-0.38445,1,-1.956157,2.867998,1
73,0,2.812721,3.399686,1,-2.623963,-0.947723,1
74,0,-1.617409,-3.789596,1,2.820328,1.244759,1
75,0,-2.248705,-3.99034,1,-4.205997,-0.194226,1
76,0,-4.194688,-0.128031,1,2.65739,2.749553,1
77,0,2.704355,2.091564,1,-3.810908,0.070302,1
78,0,1.123804,-2.222395,1,-2.732257,-1.035636,1
79,0,-4.098283,0.15111,1,2.421848,3.991427,1
80,0,1.110854,0.128389,1,-2.729063,2.631108,1
81,0,-2.230995,3.663545,1,3.416682,4.180111,1
82,0,2.207076,4.330302,1,-4.154424,-3.396438,1
83,0,3.189933,3.200976,1,0.054718,-0.357276,1
84,0,3.010891,4.040573,1,-0.051838,-1.234517,1
85,0,-4.082956,-2.237216,1,1.422474,-2.477199,1
86,0,-3.885334,-0.808435,1,1.194057,-1.488275,1
87,0,-0.028638,-1.322296,1,-3.985394,-2.512052,1
88,0,-2.735992,-3.82464,1,-3.617516,0.413658,1
89,0,2.747693,0.482047,1,-3.424816,-0.877746,1
90,0,-2.659845,-4.021755,1,-3.776394,0.15187,1
91,0,-2.855562,-3.426128,1,-2.354299,1.291758,1
92,0,-2.134485,-4.28206,1,-2.863626,1.031409,1
93,0,-2.925827,-4.379073,1,2.597871,2.420288,1
94,0,-2.617149,3.571312,1,-1.604908,-3.691183,1
95,0,-1.77229,3.12657,1,-3.776466,-1.069044,1
96,0,-2.679785,0.851626,1,2.762204,4.359383,1
97,0,-4.218116,-3.879086,1,-0.698607,-1.480624,1
98,0,1.56003,-0.567563,1,-2.347718,1.90927,1
99,0,-4.13707,-1.741387,1,3.140965,0.202447,1
100,1,-4.279673,1.535474,1,4.092404,1.031117,1
101,1,3.050024,1.751819,1,-3.32601,-0.245454,1
102,1,1.719656,2.258834,1,-3.347292,2.071235,1
103,1,4.090154,3.212614,1,-0.159123,-4.387106,1
104,1,2.380081,2.02942,1,-4.112964,3.411044,1
105,1,0.827805,2.913584,1,-3.991563,3.795677,1
106,1,-3.877902,4.105505,1,3.279749,2.739809,1
107,1,1.294443,-4.291486,1,2.42948,2.270002,1
108,1,4.248344,1.922837,1,-3.398509,1.25835,1
109,1,-4.121294,3.405125,1,1.165535,-0.85167,1
110,1,0.38218,3.29875,1,-4.374231,2.305654,1
111,1,0.420403,-4.286487,1,-3.138527,0.784875,1
112,1,3.43383,2.389211,1,1.252959,-1.524723,1
113,1,0.651271,-4.092977,1,4.395916,2.153492,1
114,1,-3.504482,0.175418,1,0.922944,1.921983,1
115,1,1.096562,-0.084563,1,-3.093971,-0.378488,1
116,1,-3.395563,0.770388,1,0.941259,-0.263001,1
117,1,-3.610927,1.157487,1,1.286418,0.827301,1
118,1,-3.202239,-0.034541,1,-1.276517,-4.426168,1
119,1,2.470149,-4.205664,1,4.122229,2.298485,1
120,1,3.364849,3.015444,1,1.423698,-1.906448,1
121,1,-2.834197,-4.350584,1,-3.93882,0.247435,1
122,1,4.261501,3.04297,1,0.002638,4.338612,1
123,1,1.8297,1.775852,1,-3.673346,2.069707,1
124,1,-4.03395,1.410668,1,1.090812,3.271438,1
125,1,-4.112542,0.514257,1,2.164706,2.218042,1
126,1,-4.464146,1.095422,1,1.108609,2.38674,1
127,1,0.557728,3.726948,1,1.152444,-0.867111,1
128,1,4.292938,1.406872,1,-3.10409,-0.440639,1
129,1,1.103753,0.769527,1,-3.713115,3.680162,1
130,1,0.987859,2.952763,1,0.873798,-4.080777,1
131,1,0.485291,-3.718401,1,-2.61145,-0.641207,1
132,1,-3.413991,1.055912,1,0.40497,-3.663634,1
133,1,-3.590705,1.025946,1,0.900432,3.561718,1
134,1,-4.109479,1.981792,1,1.216366,3.456093,1
135,1,1.30904,1.039363,1,-4.217269,0.360367,1
136,1,-3.356367,-0.46431,1,2.59188,1.72583,1
137,1,0.279442,-3.426135,1,-4.121384,1.898001,1
138,1,1.732178,2.709513,1,-4.013733,1.18615,1
139,1,4.066854,1.611854,1,-0.952847,-4.493537,1
140,1,0.693995,3.97468,1,-3.525861,0.85444,1
141,1,-3.966114,1.530002,1,0.706408,2.598606,1
142,1,3.745649,3.118361,1,0.217519,-4.15504,1
143,1,-4.286309,0.008617,1,2.466379,2.44019,1
144,1,-4.000462,4.2311,1,1.087686,0.735995,1
145,1,2.985836,2.95201,1,-2.798261,-0.375503,1
146,1,-2.154108,-4.101304,1,-0.131836,4.239385,1
147,1,3.528458,2.79823,1,-2.255273,-4.376347,1
148,1,-4.014235,2.750576,1,2.473123,-4.215905,1
149,1,0.124595,4.062374,1,-3.300966,0.668346,1
150,1,-3.76983,0.469553,1,3.472557,3.260445,1
151,1,-3.96263,0.085722,1,-3.613727,4.088137,1
152,1,1.362771,4.096172,1,-3.600184,1.702043,1
153,1,-3.400822,2.388765,1,1.158775,-4.472786,1
154,1,2.715716,3.034156,1,-3.859506,3.279884,1
155,1,1.860718,3.086161,1,-3.632756,4.272558,1
156,1,1.138787,-0.412956,1,3.150654,3.047434,1
157,1,3.482018,2.278181,1,1.652771,-1.88101,1
158,1,-3.169532,-0.3214,1,1.150958,4.143449,1
159,1,0.74339,4.157269,1,-3.637704,1.117228,1
160,1,1.256641,0.369336,1,1.297413,-4.384451,1
161,1,1.007359,0.683776,1,-2.470061,-4.316952,1
162,1,-3.866646,3.284425,1,-2.428206,-0.857839,1
163,1,0.046147,-4.405672,1,-3.0077,-0.422117,1
164,1,-4.40276,2.81195,1,4.074641,2.49614,1
165,1,-4.391992,3.79353,1,-2.647781,-1.249684,1
166,1,3.094063,1.91543,1,-3.409793,1.613449,1
167,1,-3.271182,1.241593,1,4.360177,1.499061,1
168,1,-2.136234,-3.691912,1,1.012682,0.152169,1
169,1,0.388908,-3.62618,1,1.09663,1.065679,1
170,1,-2.554338,-0.754079,1,0.373428,-3.797939,1
171,1,-4.049258,4.118309,1,0.787331,2.665447,1
172,1,0.751828,-4.019372,1,-3.361036,1.060841,1
173,1,4.432219,2.307571,1,-2.13267,-3.786768,1
174,1,3.323186,2.783377,1,-4.129722,1.764746,1
175,1,0.752888,3.782566,1,4.060882,1.237416,1
176,1,0.262156,-3.941275,1,-3.905477,0.654997,1
177,1,-4.004844,0.579643,1,1.194211,1.112506,1
178,1,0.479895,-4.412716,1,-3.766643,4.035025,1
179,1,3.480232,2.250906,1,-4.174788,4.330842,1
180,1,-4.274328,1.368184,1,0.657676,3.561862,1
181,1,0.075808,4.10298,1,-3.737006,2.140383,1
182,1,1.468628,3.231668,1,-4.360047,0.688644,1
183,1,-0.864192,-4.466626,1,1.222871,2.790315,1
184,1,3.470764,3.122975,1,-3.155148,1.426538,1
185,1,-3.667395,2.090627,1,0.320947,4.157567,1
186,1,-0.958196,-4.405293,1,-3.800705,1.547931,1
187,1,-4.198092,2.668489,1,0.465094,-3.170185,1
188,1,2.571686,2.322413,1,1.218872,-4.410804,1
189,1,-3.660256,2.069807,1,0.582836,-4.282031,1
190,1,3.489736,2.000251,1,-0.131847,4.055621,1
191,1,1.38353,2.980374,1,0.676839,-4.371068,1
192,1,2.104604,2.077014,1,1.199259,-4.051217,1
193,1,0.959132,0.136452,1,-4.389576,4.390238,1
194,1,1.832692,2.051431,1,-3.312257,0.892666,1
195,1,-3.595362,2.744175,1,2.230187,2.760679,1
196,1,0.63808,4.215017,1,-1.086124,-4.491909,1
197,1,-4.046896,3.818037,1,4.120484,2.978636,1
198,1,0.919926,1.191066,1,-2.518661,-1.138128,1
199,1,-3.447381,-0.127869,1,2.593074,1.787397,1
200,2,-0.910768,2.729434,1,4.385792,2.004155,1
201,2,-1.638195,-3.142284,1,-1.991282,2.520973,1
202,2,-1.140794,-3.322296,1,0.332237,3.904916,1
203,2,4.40239,0.96867,1,-0.95603,2.003524,1
204,2,0.492308,4.226705,1,-4.1728,-2.250091,1
205,2,2.083444,-3.562597,1,-1.36767,3.574024,1
206,2,3.589091,1.859441,1,-0.651283,3.883231,1
207,2,-1.440673,-3.397895,1,-3.597142,2.828504,1
208,2,-1.419425,3.724421,1,-1.601924,-3.529243,1
209,2,0.337777,-2.977647,1,0.172652,1.761212,1
210,2,3.903465,-4.460921,1,-0.126942,-3.515101,1
211,2,3.049106,-3.669807,1,-0.945235,3.429094,1
212,2,-3.358244,-2.004735,1,-1.968673,2.521175,1
213,2,4.366391,-4.07252,1,0.127557,3.845282,1
214,2,-0.365525,-3.378714,1,-1.658705,2.148256,1
215,2,1.326429,3.284522,1,2.123295,-3.784968,1
216,2,-0.127864,0.983053,1,4.298002,-3.472675,1
217,2,3.467394,-3.508633,1,-3.266551,-0.92806,1
218,2,-0.492272,-3.623136,1,-3.544752,3.348265,1
219,2,-1.397381,4.213707,1,-1.052715,-2.980673,1
220,2,-1.625941,2.803771,1,3.58698,-3.620543,1
221,2,3.826161,-3.709046,1,-1.839483,3.801913,1
222,2,-0.560952,2.079671,1,0.018229,-3.625388,1
223,2,0.016901,4.05819,1,-3.496851,-1.582086,1
224,2,-3.154727,-1.49279,1,-0.365196,2.150773,1
225,2,0.850386,2.445613,1,-1.940984,-2.120326,1
226,2,-1.787494,-2.415813,1,-0.729905,2.494463,1
227,2,1.291336,3.478691,1,-2.580561,-1.490898,1
228,2,4.26051,-3.602387,1,-4.064766,3.478534,1
229,2,3.285932,-3.345573,1,-3.806524,3.758543,1
230,2,0.770637,2.096292,1,-3.231725,4.404375,1
231,2,-4.028534,2.424299,1,0.94315,1.520589,1
232,2,-3.902419,2.044503,1,-3.839629,-2.647005,1
233,2,0.23933,2.421218,1,-3.83992,2.471297,1
234,2,0.676016,1.793085,1,-3.939537,-1.794217,1
235,2,-0.727299,-3.708079,1,4.492273,1.639039,1
236,2,0.112048,3.184532,1,-3.57301,-1.57077,1
237,2,-4.30668,-2.363342,1,-0.178098,-3.298427,1
238,2,-2.470751,4.084525,1,-0.480945,-3.23559,1
239,2,0.666785,-3.346685,1,-1.559812,4.235704,1
240,2,-0.49608,2.387374,1,1.556236,-4.341359,1
241,2,-1.55686,3.854416,1,-0.587426,-2.861552,1
242,2,4.260483,-4.054595,1,-2.940282,2.673911,1
243,2,0.283314,1.655526,1,-4.49966,4.213535,1
244,2,-1.708622,3.188237,1,2.353554,-3.811288,1
245,2,3.607227,-3.339634,1,-4.248375,-2.44196,1
246,2,-0.253391,1.261093,1,-4.200079,-0.723733,1
247,2,-2.020968,3.596742,1,-1.4097,-2.830857,1
248,2,-1.460331,-3.783221,1,-3.798306,1.872438,1
249,2,0.364275,2.377904,1,-4.326554,3.606749,1
250,2,0.361268,1.832237,1,-0.627312,-3.232263,1
251,2,-3.244902,2.933073,1,-1.882721,-2.887665,1
252,2,3.552433,-4.260913,1,0.426098,1.425235,1
253,2,-1.002762,-3.429294,1,0.385714,2.701675,1
254,2,-2.685009,3.057451,1,-1.284796,-3.5715,1
255,2,3.668493,-3.631118,1,3.060142,1.803092,1
256,2,0.911916,-3.421389,1,1.724329,0.803807,1
257,2,2.0941,-4.469597,1,-3.210391,2.964865,1
258,2,-1.109407,4.196045,1,1.626499,-3.434589,1
259,2,-3.154444,3.259617,1,-4.1454,-1.729619,1
260,2,4.417654,-2.48772,1,0.586277,3.551394,1
261,2,0.937368,4.336884,1,-1.117619,-3.826281,1
262,2,0.167367,2.935912,1,3.457284,-3.426623,1
263,2,3.538791,-3.540114,1,0.920509,0.995942,1
264,2,-1.298476,-3.481037,1,-4.273081,2.326105,1
265,2,-0.733229,-3.383779,1,-4.218564,-1.403122,1
266,2,0.627937,3.744094,1,-1.528101,-2.791915,1
267,2,-1.280212,3.468774,1,-1.316858,-2.432364,1
268,2,0.471362,2.180102,1,4.107638,-2.935787,1
269,2,0.350043,3.168919,1,4.359269,-3.763924,1
270,2,-3.851742,3.775904,1,-0.481553,-3.456985,1
271,2,-3.083912,-1.30958,1,0.487524,3.814831,1
272,2,-3.426058,-1.753725,1,3.659577,-3.481749,1
273,2,-0.501791,-3.596863,1,-0.792282,4.124204,1
274,2,-1.570324,-2.435268,1,-3.972042,1.886547,1
275,2,2.679612,-3.755601,1,-0.117004,3.509167,1
276,2,-0.457294,4.262105,1,-4.386963,-1.688178,1
277,2,0.889066,2.528418,1,-1.278753,-2.00135,1
278,2,-0.237803,3.24223,1,-0.748071,-2.823707,1
279,2,-2.456825,-1.855223,1,0.75992,1.972794,1
280,2,-3.908031,-2.27843,1,-3.846404,3.482061,1
281,2,-1.027183,-3.86656,1,-1.297468,3.457731,1
282,2,-1.677724,2.493352,1,-1.245455,-2.358737,1
283,2,-0.3477,-3.791559,1,-4.409337,2.27818,1
284,2,-1.37167,-3.653314,1,-3.187716,4.05348,1
285,2,-0.569804,3.305322,1,-1.125346,-3.68367,1
286,2,-2.546051,-1.482116,1,3.315059,-3.797332,1
287,2,1.354375,2.980708,1,0.624541,-3.337139,1
288,2,-3.343355,-1.769335,1,-3.428161,2.889713,1
289,2,0.958941,-3.080968,1,-3.737531,3.321004,1
290,2,-3.094613,-1.157511,1,-3.359134,3.032264,1
291,2,3.109157,-4.395158,1,-3.572437,-1.955292,1
292,2,-0.030856,1.397811,1,-1.708978,-2.790952,1
293,2,-1.739006,2.522965,1,-1.108052,-3.037203,1
294,2,-3.232698,-1.950467,1,-0.468611,4.056835,1
295,2,-3.92383,2.184601,1,0.979501,2.481096,1
296,2,-4.121277,3.703622,1,-0.047476,2.064361,1
297,2,0.802395,-4.142351,1,-3.128001,-2.311396,1
298,2,2.602233,-4.26385,1,-1.842472,3.56844,1
299,2,0.772077,-3.708644,1,-4.490265,2.114213,1
300,3,-0.457213,-4.38636,1,1.096127,2.603104,1
301,3,-0.490762,1.766389,1,-4.319019,0.241238,1
302,3,2.915265,-3.136443,1,-0.946409,3.709461,1
303,3,-2.454813,1.960092,1,-2.880525,-2.988705,1
304,3,-3.79221,4.328847,1,0.320191,1.451613,1
305,3,4.191932,3.794829,1,-1.949529,4.258442,1
306,3,-0.649219,-1.425996,1,3.752345,-4.334771,1
307,3,0.518694,-2.301707,1,2.014835,3.335689,1
308,3,3.723682,3.925279,1,3.021773,-3.068761,1
309,3,-1.979362,2.86953,1,-0.400622,-3.248721,1
310,3,-0.575414,-0.979026,1,4.002118,3.590547,1
311,3,-3.420971,3.748498,1,-1.312027,-1.242,1
312,3,-2.722427,4.174088,1,1.301309,1.094867,1
313,3,-3.435821,4.156661,1,3.573106,3.189811,1
314,3,0.693753,-0.09871,1,-3.427904,-2.779722,1
315,3,-2.192329,3.524942,1,-1.995651,-0.913145,1
316,3,-0.476239,-4.154824,1,-2.705213,3.483498,1
317,3,3.869984,2.827825,1,0.570428,-2.810318,1
318,3,1.339533,3.530606,1,-0.477941,-2.751439,1
319,3,-2.517172,3.898583,1,0.218304,-0.96612,1
320,3,-0.556583,-4.486445,1,4.083746,-4.475566,1
321,3,-4.235761,-0.436418,1,-0.459593,-4.384976,1
322,3,-0.176164,-0.784793,1,-4.271509,-1.253559,1
323,3,-3.04589,-2.266965,1,4.058054,3.71171,1
324,3,-0.380271,-1.217288,1,3.930706,3.38262,1
325,3,1.100865,2.237272,1,-2.988685,-0.825911,1
326,3,3.947028,-2.29492,1,1.82263,2.946992,1
327,3,2.379829,-2.21889,1,-1.793958,-1.053566,1
328,3,-2.046016,2.603895,1,-3.103033,-2.680729,1
329,3,-1.124011,-1.257756,1,-2.286364,3.081474,1
330,3,-2.649261,3.864966,1,2.932576,-2.202122,1
331,3,-0.96634,-1.281292,1,4.271,2.698711,1
332,3,0.156226,-4.312242,1,-3.001776,-0.841429,1
333,3,1.686431,3.846918,1,1.577774,-2.360511,1
334,3,-0.760976,0.280757,1,1.761594,-2.897802,1
335,3,-0.340917,0.211405,1,-4.371476,-1.402155,1
336,3,-0.754456,-0.137473,1,2.796893,-2.624162,1
337,3,-4.45682,4.230194,1,1.436406,1.680334,1
338,3,0.881894,1.986131,1,2.656427,-3.438744,1
339,3,-1.642223,-0.847813,1,4.146675,3.16221,1
340,3,-3.383879,-2.847302,1,4.371852,-2.279226,1
341,3,2.297516,4.359757,1,0.804867,-2.5974,1
342,3,-2.096568,2.982092,1,-3.046512,-2.72769,1
343,3,-1.440872,3.25868,1,1.809216,-2.507853,1
344,3,3.520791,3.92806,1,-2.831335,3.753881,1
345,3,4.275772,2.904283,1,1.02042,0.197781,1
346,3,-4.140005,-1.064184,1,0.1718,-2.553452,1
347,3,-2.182453,-0.48434,1,2.179635,3.11884,1
348,3,-0.141805,-3.321694,1,-2.053127,3.088819,1
349,3,-1.877552,3.981434,1,-2.822822,-3.162245,1
350,3,4.311403,1.745422,1,-0.59941,-4.278487,1
351,3,-1.778987,0.55904,1,1.757817,3.631987,1
352,3,3.507455,-0.210703,1,-3.205253,-0.682264,1
353,3,-0.35488,-4.467443,1,1.342993,1.683034,1
354,3,-3.382675,-2.614729,1,0.138684,0.86882,1
355,3,0.390677,-3.899439,1,1.679817,2.688761,1
356,3,-2.806698,-2.17867,1,-4.394332,4.458433,1
357,3,3.793873,3.626788,1,-3.221417,-2.353385,1
358,3,-2.37197,4.29521,1,3.64631,3.536381,1
359,3,-0.246905,0.27506,1,-2.330905,4.482836,1
360,3,4.360618,-1.087019,1,-0.105575,-4.392521,1
361,3,-0.627854,-2.348261,1,3.737314,3.042943,1
362,3,-0.155806,1.372879,1,-0.100753,-3.355554,1
363,3,-3.201188,-2.362678,1,-2.015054,2.985214,1
364,3,-1.432177,-0.599136,1,-2.22917,4.33806,1
365,3,0.391379,-2.098369,1,-1.279058,2.876683,1
366,3,-1.975368,-0.007379,1,1.313344,3.367224,1
367,3,-2.663572,3.344047,1,-0.501761,-3.09441,1
368,3,1.300745,1.613769,1,0.308625,-2.942329,1
369,3,0.754342,-1.769735,1,3.742142,4.173513,1
370,3,-0.93492,-3.200548,1,3.363715,3.957687,1
371,3,-2.238116,3.980045,1,-0.076134,0.421692,1
372,3,1.306221,3.653124,1,-0.20551,-4.006889,1
373,3,2.061274,3.834685,1,4.421916,-0.856171,1
374,3,-0.335829,-4.286372,1,0.656919,0.837595,1
375,3,0.0182,-4.105614,1,-4.199502,-1.022009,1
376,3,2.203107,-2.38206,1,-1.70108,-0.05346,1
377,3,1.763175,3.675226,1,-3.275479,-0.976308,1
378,3,4.31116,-2.336342,1,1.000853,1.33171,1
379,3,4.324001,3.477982,1,-0.670129,-2.858464,1
380,3,-0.973442,-0.640153,1,3.286949,3.747765,1
381,3,3.021572,3.560422,1,-1.180286,2.934519,1
382,3,3.452477,-4.217372,1,-0.816949,-0.456576,1
383,3,0.984871,2.722578,1,3.023577,-2.732971,1
384,3,-2.104493,-0.221617,1,0.154474,-3.762008,1
385,3,2.742528,3.675794,1,2.588005,-3.402476,1
386,3,-2.023613,-0.86674,1,3.409633,-4.306346,1
387,3,-1.181432,3.679459,1,2.810397,4.339608,1
388,3,-2.466889,-1.004899,1,1.608436,2.988061,1
389,3,0.302133,-2.049039,1,1.883903,2.750599,1
390,3,1.306732,2.250234,1,-2.871185,3.990027,1
391,3,-0.153715,-3.485236,1,1.360914,2.880307,1
392,3,-1.713532,0.672948,1,4.096375,-2.228188,1
393,3,0.286653,-2.225024,1,-1.200541,2.5035,1
394,3,-2.679865,-0.495918,1,2.637828,3.979668,1
395,3,1.510783,1.737694,1,-0.416056,-2.649582,1
396,3,1.29668,3.304279,1,-3.616132,3.668227,1
397,3,-3.527223,-2.044108,1,1.560776,1.969185,1
398,3,-0.685608,-3.010109,1,1.230524,1.410198,1
399,3,-2.545134,3.935675,1,0.687677,-2.210445,1
400,4,-4.171135,-4.260647,1,-0.751439,0.561903,1
401,4,4.455961,1.341034,1,-2.964458,-3.65005,1
402,4,-1.792957,-4.229846,1,3.661456,-1.90368,1
403,4,-4.314495,-3.712123,1,-0.959699,0.335022,1
404,4,4.177358,-1.140319,1,-1.89769,-4.481253,1
405,4,-0.867238,4.328414,1,2.729771,-0.73581,1
406,4,-0.998773,3.62469,1,0.104685,-0.563045,1
407,4,-3.061914,-1.591818,1,3.464071,0.633396,1
408,4,3.879269,-1.123842,1,-3.587443,-4.146424,1
409,4,-0.301401,4.360309,1,3.068176,-3.160577,1
410,4,-3.745686,-3.740714,1,4.04726,2.296549,1
411,4,0.838325,-0.278404,1,-2.364152,-4.305998,1
412,4,-4.237101,-2.954056,1,-0.312347,0.38796,1
413,4,-4.372427,2.6236,1,3.663756,-3.247833,1
414,4,4.123671,-3.460588,1,-2.497903,-2.259014,1
415,4,4.040663,1.426715,1,-3.353586,-3.71592,1
416,4,4.373052,-2.115212,1,0.046302,-1.806534,1
417,4,3.568219,1.0505,1,-0.945194,4.129398,1
418,4,-3.989075,-4.385293,1,-0.601007,-1.11949,1
419,4,4.344834,3.631699,1,0.346207,-1.293676,1
420,4,-3.174406,-2.248459,1,4.189794,-2.129536,1
421,4,-2.73171,-1.846305,1,2.97018,-0.188056,1
422,4,-4.16394,-3.343868,1,1.028048,-1.59189,1
423,4,0.107095,-0.062053,1,4.408505,3.744003,1
424,4,3.452711,-0.292526,1,-2.303921,-2.001918,1
425,4,4.046663,2.258448,1,-4.180607,-3.462772,1
426,4,-1.177827,4.267532,1,4.080329,-1.904603,1
427,4,-3.939082,-4.146524,1,4.121692,3.284308,1
428,4,0.24338,0.492864,1,-2.760904,-2.516769,1
429,4,-0.235023,-0.031685,1,-0.068757,4.404921,1
430,4,4.359852,-3.968049,1,-3.125109,-3.712147,1
431,4,-2.831649,-1.525083,1,0.603965,0.836813,1
432,4,4.447457,-1.584357,1,-0.026544,3.88126,1
433,4,4.119535,-2.969235,1,-0.270127,-0.021671,1
434,4,-4.207596,2.939492,1,0.995989,-0.404621,1
435,4,3.094417,-2.127686,1,0.46909,3.98836,1
436,4,4.287643,2.40947,1,-3.913324,-1.242804,1
437,4,0.100213,4.278766,1,3.172362,-2.11658,1
438,4,3.561147,2.20497,1,-1.776162,-1.959395,1
439,4,0.728512,4.09491,1,4.255459,1.503107,1
440,4,-3.98535,-1.773321,1,0.205245,-0.439585,1
441,4,3.800621,-2.971,1,-3.448088,-2.017846,1
442,4,0.378053,3.938413,1,-3.425599,-4.037003,1
443,4,-2.411144,-4.101547,1,3.450311,-0.617737,1
444,4,0.017265,0.172775,1,-4.170727,2.592983,1
445,4,4.348542,-4.05201,1,4.383387,1.584245,1
446,4,-3.431987,-1.409233,1,4.410471,-3.20657,1
447,4,0.265907,-0.900731,1,3.848219,-2.983874,1
448,4,4.27461,3.365047,1,4.329081,-1.135078,1
449,4,-3.997339,-3.284407,1,3.494911,-1.027812,1
450,4,-4.286492,-3.077086,1,-0.044002,0.452676,1
451,4,4.127047,3.276441,1,-4.38281,-1.887139,1
452,4,-1.37944,-4.255851,1,2.998154,-0.022992,1
453,4,4.180884,-1.878034,1,-0.169338,3.942188,1
454,4,3.433593,-1.610142,1,-0.622736,3.671363,1
455,4,-3.661095,-2.01711,1,3.895257,-2.413984,1
456,4,0.019001,-0.646137,1,-4.390603,-2.871133,1
457,4,2.548312,-0.517183,1,-4.341301,-4.246618,1
458,4,3.032543,-2.046014,1,-4.206444,2.300208,1
459,4,-0.869061,3.685987,1,-3.676113,-4.424327,1
460,4,3.469269,-1.991452,1,-2.853806,-3.914298,1
461,4,4.246676,3.884556,1,0.310514,-1.185271,1
462,4,3.775674,-2.246193,1,-2.441359,-1.923265,1
463,4,4.116569,-2.81945,1,-3.481955,-1.20996,1
464,4,-4.433353,-1.356484,1,4.114767,-3.115325,1
465,4,0.549205,0.484198,1,4.294544,-1.59865,1
466,4,0.883608,0.796875,1,-2.807296,-2.227102,1
467,4,-0.599504,4.132604,1,-3.507628,-2.709863,1
468,4,4.287435,-1.072247,1,-0.053009,-0.926993,1
469,4,3.219402,-1.509906,1,-4.035979,-2.699545,1
470,4,-3.466044,-3.79654,1,0.023799,-0.005889,1
471,4,-3.461302,-4.1043,1,3.88521,-1.278075,1
472,4,0.830607,0.013144,1,4.173726,-2.191399,1
473,4,3.514517,-1.50996,1,-1.072745,0.379089,1
474,4,3.775741,-1.128196,1,-4.221084,-3.751919,1
475,4,-0.854989,0.201919,1,3.846697,1.435951,1
476,4,-3.571244,-1.891143,1,-4.120158,2.508118,1
477,4,-4.173459,-3.317595,1,3.780519,-0.815951,1
478,4,0.744366,0.560087,1,4.220766,-1.590282,1
479,4,0.768773,0.765457,1,-2.681749,-2.149747,1
480,4,3.769924,1.108008,1,3.892238,-3.153353,1
481,4,-3.332635,-1.591992,1,3.846508,-1.743668,1
482,4,4.381959,-2.419543,1,1.048405,0.545277,1
483,4,0.54137,-1.187577,1,-0.318704,3.543854,1
484,4,3.520967,-3.109189,1,-0.880565,0.347822,1
485,4,0.715772,-0.018274,1,4.299273,-2.114044,1
486,4,-2.628912,-4.126141,1,3.046157,-3.243126,1
487,4,-4.050174,-1.280933,1,4.199326,-1.920627,1
488,4,-0.648599,-1.010742,1,-4.240931,2.674292,1
489,4,-3.853971,-3.687204,1,3.074271,-0.735473,1
490,4,-4.110422,-3.856666,1,0.05768,-0.575384,1
491,4,-4.010934,-1.77424,1,4.342119,-2.0048,1
492,4,0.653938,0.73404,1,-2.556201,-2.072391,1
493,4,-4.492994,-3.74471,1,3.864968,-1.479859,1
494,4,0.272162,4.222043,1,-3.692749,-4.036396,1
495,4,3.361648,-0.789358,1,-1.601382,-4.419897,1
496,4,4.252485,1.516478,1,0.247514,-0.03856,1
497,4,3.978546,-2.580499,1,-4.0297,2.834505,1
498,4,-2.837763,-4.277016,1,3.665186,0.773798,1
499,4,-2.267753,-4.12907,1,4.30487,1.948427,1
500,5,1.193536,-0.247156,1,-0.10557,-4.316997,1
501,5,3.306341,-0.327626,1,-3.498752,-3.520952,1
502,5,-3.23517,-3.497844,1,2.893772,-4.379499,1
503,5,1.63442,-0.310474,1,-3.494733,4.01545,1
504,5,1.492273,0.639908,1,-4.193042,-2.461033,1
505,5,-3.011621,3.685489,1,-0.662854,-0.594376,1
506,5,-3.262586,-4.279561,1,1.522665,1.432437,1
507,5,2.477539,0.001164,1,-2.732939,-2.51285,1
508,5,-3.201972,4.462725,1,2.209776,-0.300861,1
509,5,-3.084609,-3.025734,1,1.764145,-0.01916,1
510,5,2.923265,1.317764,1,-3.529014,-2.138141,1
511,5,-1.301364,-2.027927,1,3.469396,0.144286,1
512,5,-1.911868,-2.767744,1,1.276287,0.560411,1
513,5,-2.732623,2.803133,1,-3.75272,-1.970309,1
514,5,-4.207881,-1.858463,1,-2.846782,4.132003,1
515,5,3.088625,0.514003,1,-3.505846,-2.749739,1
516,5,0.728907,0.746463,1,-4.33726,3.663728,1
517,5,-0.317176,-0.77822,1,-4.238965,-4.283325,1
518,5,1.093071,1.24279,1,2.48265,-4.10099,1
519,5,-3.322029,-3.333206,1,2.032494,0.129611,1
520,5,-0.80392,-1.480947,1,3.971294,-4.461018,1
521,5,0.060688,-0.0161,1,3.69345,-4.183119,1
522,5,-3.570303,3.91648,1,-0.046441,-0.541924,1
523,5,3.955842,-4.167342,1,-0.257621,0.158372,1
524,5,-3.113348,3.960887,1,0.358758,-0.358467,1
525,5,2.86495,1.220446,1,-3.812243,-2.369933,1
526,5,-4.262926,3.003723,1,1.904305,-4.345876,1
527,5,-3.314326,-3.870736,1,-3.18066,2.641367,1
528,5,-3.104839,-3.024971,1,-4.014803,3.202719,1
529,5,-1.875525,-1.945215,1,-4.155794,3.571105,1
530,5,-0.338611,-1.028658,1,-4.125412,4.203194,1
531,5,-3.69564,-2.629383,1,1.20733,1.603555,1
532,5,2.373773,-3.996439,1,4.129876,0.824843,1
533,5,1.845996,-4.353034,1,0.496247,0.423154,1
534,5,-4.150782,-2.185856,1,1.558955,1.355011,1
535,5,2.64625,-4.478487,1,-0.331477,-1.133533,1
536,5,4.319651,0.381493,1,-0.590207,0.398901,1
537,5,-3.388655,-3.129415,1,0.537308,0.532516,1
538,5,-3.950555,3.014242,1,0.77651,0.801756,1
539,5,1.920395,-3.92533,1,1.545255,1.10221,1
540,5,-0.959072,0.869471,1,2.341638,-4.088782,1
541,5,-2.425348,-2.819271,1,1.482209,1.480371,1
542,5,-4.387246,3.549398,1,4.284899,-3.696297,1
543,5,3.381412,1.38805,1,-2.893542,-1.756622,1
544,5,-3.588653,-4.487079,1,3.308738,-0.04546,1
545,5,-4.418734,4.332891,1,1.747828,-4.262417,1
546,5,-1.755964,-2.482802,1,-2.525586,2.480161,1
547,5,-0.918185,-1.936802,1,-2.791453,4.052746,1
548,5,-1.439986,-1.846252,1,2.302364,-4.163278,1
549,5,2.661359,-0.532762,1,-4.41982,-3.910454,1
550,5,0.957386,0.789602,1,2.109576,-4.355441,1
551,5,-4.434954,1.723623,1,3.824332,-4.455095,1
552,5,2.235729,-4.103492,1,-1.729164,-2.053024,1
553,5,1.312016,1.057767,1,-3.047067,-2.060009,1
554,5,-4.372826,-4.089469,1,3.198644,-0.398491,1
555,5,2.956862,-4.025582,1,-3.411446,3.820368,1
556,5,-3.208982,-3.357159,1,3.456281,-0.289866,1
557,5,-2.961488,-3.723527,1,1.23943,1.106572,1
558,5,0.153763,4.299335,1,-3.295299,-4.093584,1
559,5,3.693442,-4.312958,1,0.326632,-0.302265,1
560,5,-0.520132,-1.854538,1,-2.953897,3.859127,1
561,5,-4.169548,2.403949,1,1.693386,0.734369,1
562,5,-3.634308,-1.81461,1,3.32814,-3.955246,1
563,5,3.334899,-0.359018,1,-2.787912,3.571032,1
564,5,-2.618738,-3.121694,1,3.102947,1.236373,1
565,5,-3.515543,4.262912,1,-3.93183,-2.26131,1
566,5,-2.922949,3.990784,1,3.063006,-0.063876,1
567,5,1.92334,-4.429962,1,-4.388226,-2.906483,1
568,5,0.297142,4.064961,1,-3.089406,-3.650407,1
569,5,2.30925,1.557731,1,3.42214,-4.096876,1
570,5,3.644919,0.152442,1,-3.528399,-1.805142,1
571,5,-2.86292,2.897594,1,-3.01434,-2.004464,1
572,5,0.86158,0.570007,1,2.089948,-4.236749,1
573,5,-3.568567,3.098193,1,0.182108,0.685971,1
574,5,2.139323,-4.399225,1,-3.376904,4.366822,1
575,5,-4.493457,-1.527878,1,-0.515848,0.136946,1
576,5,1.32215,1.378189,1,-2.895437,-3.602041,1
577,5,2.45615,0.518962,1,-2.40096,-2.929382,1
578,5,2.866397,-4.459816,1,1.721999,1.636507,1
579,5,2.877397,0.409356,1,-3.168729,3.170713,1
580,5,2.767965,1.18691,1,-2.270019,-2.20373,1
581,5,3.431656,-4.163847,1,-3.404353,3.034129,1
582,5,-3.640918,-2.904521,1,-2.852746,3.890692,1
583,5,0.842574,1.139094,1,-2.453845,-1.776165,1
584,5,3.775792,-0.257904,1,-0.909256,-1.85725,1
585,5,1.945367,-4.212565,1,-3.56791,4.136505,1
586,5,1.078174,0.877316,1,-4.218316,2.76528,1
587,5,-4.192495,-3.265049,1,-0.714539,0.735926,1
588,5,-3.814115,-3.827633,1,3.049369,0.747865,1
589,5,-3.332978,2.635825,1,2.253229,0.024534,1
590,5,4.275034,0.50027,1,2.145273,-4.396304,1
591,5,0.986496,0.037624,1,3.82673,-4.148041,1
592,5,-1.874961,-2.463882,1,1.467832,-0.140075,1
593,5,-3.298965,4.294185,1,-0.439808,-1.849434,1
594,5,1.278742,1.820717,1,-1.591121,-1.975164,1
595,5,0.828878,0.952426,1,-4.396542,-2.688255,1
596,5,2.231173,-0.668315,1,4.296175,-4.188122,1
597,5,-3.891025,3.543863,1,-0.125606,-1.067039,1
598,5,2.73871,-0.502626,1,-2.623485,-2.906285,1
599,5,-0.794402,-1.50996,1,-3.243039,4.235498,1
700,7,-4.400165,-3.568173,1,2.557629,-3.926091,1
701,7,-3.303133,4.243954,1,3.899673,1.79878,1
702,7,-1.62327,-2.303784,1,3.495357,-3.531324,1
703,7,2.151066,2.972182,1,3.454308,-3.445731,1
704,7,-1.224482,0.129821,1,-3.015758,4.153755,1
705,7,-2.224144,-1.191545,1,3.827104,2.140525,1
706,7,-2.86501,-2.215099,1,3.931845,2.524667,1
707,7,3.968328,-4.310685,1,-1.368018,-2.271726,1
708,7,-3.980261,3.758564,1,-1.022188,0.084164,1
709,7,-1.453671,-1.849157,1,1.972632,4.029729,1
710,7,-2.74888,-0.420114,1,1.086258,-3.265836,1
711,7,-1.361421,-1.401579,1,-2.310727,3.604503,1
712,7,1.222476,-3.852081,1,0.803484,4.157814,1
713,7,0.593236,0.518361,1,-3.501268,4.187071,1
714,7,-1.607675,-0.188034,1,3.358907,3.150972,1
715,7,-2.24555,-0.962227,1,2.546908,-4.119869,1
716,7,1.839452,-4.328627,1,-2.598865,0.874875,1
717,7,2.016605,3.079335,1,3.59896,-2.284611,1
718,7,4.199573,2.22954,1,-3.253595,-3.165127,1
719,7,2.343035,-0.612883,1,-1.618728,4.038613,1
720,7,1.981548,3.876604,1,-4.158768,3.588624,1
721,7,-3.664926,3.580402,1,-4.296607,-3.07107,1
722,7,3.96596,-4.109651,1,4.223343,1.731411,1
723,7,-4.153271,-4.030478,1,-2.9688,3.386666,1
724,7,3.425831,-2.053412,1,2.131441,3.125075,1
725,7,3.734919,2.790987,1,-2.011177,-1.844688,1
726,7,3.26375,3.842275,1,1.98464,-4.149182,1
727,7,-3.881934,-3.660756,1,-4.079594,4.256022,1
728,7,2.532013,-4.464525,1,1.893268,0.14765,1
729,7,2.737373,-2.969314,1,-3.485591,-2.32099,1
730,7,-1.032426,-1.982868,1,3.94047,-2.512582,1
731,7,3.949285,-4.359177,1,-0.727786,-1.893053,1
732,7,1.602564,4.285179,1,2.176254,-3.690974,1
733,7,-2.596693,-2.61206,1,-1.774006,4.275286,1
734,7,-3.349592,3.40224,1,2.428974,3.773696,1
735,7,2.595294,-0.894988,1,-1.703579,-2.052027,1
736,7,3.823573,2.794106,1,-2.206806,0.204218,1
737,7,2.293291,3.333734,1,-3.727224,-3.447634,1
738,7,4.321778,-3.869218,1,3.400516,2.471501,1
739,7,-1.689848,-1.281668,1,-1.90734,3.329375,1
740,7,2.275816,-0.367442,1,-2.881929,3.427157,1
741,7,-1.529699,0.351978,1,2.430311,-3.755702,1
742,7,-2.474055,-1.440121,1,2.224423,-4.115529,1
743,7,2.019996,0.080817,1,3.61789,-4.124779,1
744,7,1.593382,-0.032588,1,-4.217031,4.362303,1
745,7,-3.109813,3.375396,1,-1.389373,-1.18996,1
746,7,3.251379,-4.064755,1,1.936849,2.615279,1
747,7,3.273194,2.568087,1,-2.036454,3.311344,1
748,7,4.328341,-3.572744,1,-3.686162,-3.324811,1
749,7,-2.402349,3.721428,1,3.21092,-4.069492,1
750,7,-2.759904,4.290829,1,-2.24855,-1.379619,1
751,7,-3.884355,-4.357251,1,-1.306583,0.262031,1
752,7,-1.824983,-2.495593,1,2.470596,3.315164,1
753,7,-3.363314,2.773695,1,-0.990214,-2.524843,1
754,7,1.233149,-4.458001,1,-2.902492,-2.18077,1
755,7,3.560023,3.312271,1,2.088165,-4.204856,1
756,7,3.976662,-4.235189,1,-0.427956,-2.662075,1
757,7,-1.380415,-0.636129,1,1.283013,3.596897,1
758,7,2.141548,2.998455,1,-3.793221,-2.669793,1
759,7,-3.27327,-3.844412,1,-2.079489,0.025142,1
760,7,2.539083,4.371848,1,-1.333991,-0.384211,1
761,7,3.813629,-4.334879,1,-1.620152,0.097045,1
762,7,3.479976,-2.050857,1,-2.640133,-2.71417,1
763,7,2.056505,3.671611,1,3.344322,-1.975922,1
764,7,1.904954,-3.434743,1,3.366103,4.086847,1
765,7,1.884898,-0.523354,1,-2.793521,-0.707212,1
766,7,-2.882956,-3.847127,1,2.123894,-3.711726,1
767,7,-2.405935,3.443828,1,-3.195881,-3.174548,1
768,7,-1.948741,-2.485019,1,3.703641,-2.911715,1
769,7,3.466354,-0.983193,1,-3.717842,4.230384,1
770,7,0.600564,3.678099,1,-2.792493,-3.425415,1
771,7,2.142741,3.04703,1,-2.307514,-2.386348,1
772,7,0.952774,3.266519,1,1.819265,-3.612692,1
773,7,1.674334,0.525671,1,0.912469,-4.13775,1
774,7,-4.28906,3.765731,1,2.859658,2.270707,1
775,7,-4.381894,3.507721,1,-1.684407,0.169065,1
776,7,-0.910355,-0.343212,1,3.324626,-3.004576,1
777,7,3.956442,-4.083378,1,-3.024186,2.50735,1
778,7,-0.743846,-1.816154,1,-1.730597,3.863672,1
779,7,3.674189,2.091091,1,-2.257528,-2.268888,1
780,7,1.948006,0.144792,1,-4.395412,-3.683796,1
781,7,3.588601,3.623909,1,0.980277,-4.47759,1
782,7,2.025084,-4.416959,1,-1.353715,-1.885029,1
783,7,-2.855455,-1.62528,1,2.430338,-3.312886,1
784,7,3.247847,-3.436844,1,-0.934174,-0.669513,1
785,7,-2.115854,-1.156695,1,-4.415819,3.332537,1
786,7,-3.61238,-3.263211,1,-1.55648,0.234159,1
787,7,2.337354,3.910421,1,-2.962101,-4.034769,1
788,7,-3.212602,-4.197867,1,1.246548,0.728086,1
789,7,-3.799129,-1.959339,1,1.084303,3.879927,1
790,7,-2.846255,2.99294,1,-3.488058,-3.787599,1
791,7,0.80596,-4.223903,1,-1.449435,-0.660894,1
792,7,0.121787,-3.126485,1,-2.922981,3.457417,1
793,7,2.594106,-0.861308,1,-1.77735,-1.922585,1
794,7,1.904557,-0.10821,1,-3.73608,-2.294143,1
795,7,-2.199688,-0.151336,1,-2.655692,-4.209367,1
796,7,-3.01142,-2.935789,1,1.71079,3.254077,1
797,7,3.563181,-3.615006,1,-4.208593,-3.824747,1
798,7,1.934535,3.727459,1,-1.702833,0.480651,1
799,7,2.603924,4.150175,1,1.060023,-4.195106,1
800,8,2.325206,-0.2621,1,-0.818301,-3.186857,1
801,8,-4.233028,-4.499778,1,2.310871,-1.195156,1
802,8,-1.658003,3.938211,1,2.804228,0.65219,1
803,8,-2.036982,4.447355,1,-1.33236,-2.973214,1
804,8,-4.038617,2.959769,1,3.789554,1.041048,1
805,8,-2.938301,-4.020818,1,2.630415,-0.616992,1
806,8,4.066857,1.668517,1,-0.370314,-3.866582,1
807,8,3.018368,-0.287111,1,0.189575,-3.80865,1
808,8,-0.806394,-3.060647,1,-3.316304,2.877604,1
809,8,-3.167385,-4.246298,1,0.991243,-0.178959,1
810,8,-1.450754,-2.817737,1,3.755652,1.241217,1
811,8,-0.611788,-2.326235,1,3.653399,2.675009,1
812,8,-1.407346,-3.258151,1,-3.535226,3.449875,1
813,8,-2.52727,4.170148,1,4.053244,2.87189,1
814,8,1.273232,-0.797554,1,-3.202669,2.739137,1
815,8,-1.586378,-2.252558,1,2.747102,0.541932,1
816,8,-2.518853,-4.360714,1,-4.366971,4.310533,1
817,8,0.202157,-2.35064,1,-1.553853,4.397969,1
818,8,-0.410092,-2.412262,1,0.689222,3.748839,1
819,8,0.606185,-1.854415,1,3.244583,1.713456,1
820,8,1.229233,-0.289272,1,-4.401976,-4.00594,1
821,8,1.236299,-1.520675,1,-1.171324,3.552056,1
822,8,-0.857495,-1.913183,1,-4.400993,2.519047,1
823,8,1.359401,-2.546628,1,-4.227198,3.477756,1
824,8,1.893765,-1.485805,1,-0.642961,3.755006,1
825,8,-0.996801,-3.241593,1,0.79673,0.635467,1
826,8,3.58853,2.422561,1,-4.43668,2.72716,1
827,8,1.033374,-2.089296,1,-3.769005,4.328566,1
828,8,-1.247868,-2.912008,1,-3.417457,2.798533,1
829,8,-0.426272,-4.357071,1,3.65758,2.952362,1
830,8,-4.383349,-0.948352,1,0.136638,-3.522673,1
831,8,0.133665,-3.494197,1,3.173707,0.494974,1
832,8,0.320578,-2.038883,1,-0.810736,3.953216,1
833,8,-3.058667,2.985681,1,-2.59739,-4.325631,1
834,8,2.031867,-0.413995,1,-1.315854,4.434636,1
835,8,-0.785654,-4.478778,1,1.927123,-0.850104,1
836,8,-3.904574,-4.180395,1,4.034219,3.111878,1
837,8,-3.410882,3.302797,1,2.634614,-0.045446,1
838,8,3.689669,2.263398,1,-4.307585,2.412648,1
839,8,2.837585,1.283977,1,0.191447,-2.34375,1
840,8,1.002816,4.321422,1,1.064963,-1.173137,1
841,8,-3.516776,3.550348,1,-0.973072,-4.421946,1
842,8,-0.199425,-1.743869,1,-2.984866,3.364326,1
843,8,4.241197,1.803096,1,-4.331984,2.341578,1
844,8,3.164774,0.356254,1,-2.969953,3.998637,1
845,8,3.921086,1.692962,1,-1.820314,-4.025049,1
846,8,3.571894,2.817458,1,-2.845579,4.354559,1
847,8,3.44867,1.796816,1,-0.581459,-2.580639,1
848,8,4.019294,2.269778,1,-0.064416,-2.632969,1
849,8,0.786229,4.144266,1,3.089735,-0.823472,1
850,8,-2.581431,3.894609,1,3.31118,0.994533,1
851,8,-2.132812,3.827441,1,-0.564218,-2.808769,1
852,8,-4.062376,3.641348,1,3.031561,1.453026,1
853,8,0.036684,-3.450721,1,-0.127698,3.778476,1
854,8,1.444056,0.245824,1,-1.360349,-3.38426,1
855,8,4.059755,2.309655,1,-1.354365,-2.817528,1
856,8,2.411396,-1.668926,1,0.777909,4.322031,1
857,8,-3.589976,3.268423,1,4.081729,1.61708,1
858,8,-3.076468,3.806437,1,2.302635,0.389321,1
859,8,-2.421385,3.773975,1,-1.284139,-2.517615,1
860,8,-0.120553,3.860181,1,0.098593,-2.941424,1
861,8,-2.36594,-4.355499,1,0.999246,4.322753,1
862,8,3.445118,2.10635,1,-1.476989,-3.752798,1
863,8,3.877066,1.84851,1,1.848508,-2.131572,1
864,8,1.202718,4.077811,1,1.444612,-0.412152,1
865,8,-0.724816,-1.986957,1,-4.431956,2.108302,1
866,8,2.406376,3.968448,1,-0.559521,-3.872009,1
867,8,3.594417,1.369939,1,-2.357126,3.788044,1
868,8,0.070027,-3.064604,1,-3.610239,2.705999,1
869,8,-0.63088,-3.207766,1,-2.336864,4.333641,1
870,8,0.174081,-4.220443,1,-4.321232,3.049001,1
871,8,-1.337096,-2.579911,1,-0.234206,3.701715,1
872,8,2.997642,1.366906,1,-1.10944,3.634034,1
873,8,-0.672528,-3.185475,1,-0.717312,4.134123,1
874,8,-3.343053,3.310683,1,2.430422,-1.896157,1
875,8,0.307267,4.232847,1,0.314495,-4.28351,1
876,8,-4.494889,4.397114,1,1.728335,-1.879869,1
877,8,0.359316,-0.982242,1,-0.178265,3.908107,1
878,8,-0.433374,-3.715933,1,2.673529,4.001416,1
879,8,-1.383089,4.423371,1,1.957958,-2.604132,1
880,8,-2.928336,3.449475,1,3.991862,1.222434,1
881,8,-0.536931,-4.201844,1,-0.355587,3.653303,1
882,8,-0.447604,-2.87616,1,-1.219491,4.021065,1
883,8,1.632297,4.008013,1,-3.943366,3.852992,1
884,8,-3.557275,2.884987,1,2.339528,0.44407,1
885,8,-1.516794,-2.75906,1,2.92612,-0.696262,1
886,8,1.8153,-0.258609,1,-3.620942,2.828407,1
887,8,-0.454234,-4.303388,1,-3.989763,4.046316,1
888,8,-1.038012,4.127545,1,1.800385,-0.925711,1
889,8,-1.896603,3.794102,1,3.378995,0.763089,1
890,8,-3.584636,3.023573,1,2.598258,-1.074982,1
891,8,-1.257355,-2.373499,1,3.703351,2.225606,1
892,8,-0.990996,4.337422,1,2.841751,1.307286,1
893,8,-1.553113,-3.177278,1,2.929146,0.158859,1
894,8,-4.421131,4.050569,1,1.15449,3.508573,1
895,8,-1.673922,-3.602935,1,2.219226,-1.474558,1
896,8,3.670577,1.381867,1,-0.297848,4.07128,1
897,8,-4.217068,3.734784,1,-0.472581,-2.66672,1
898,8,1.199514,0.23466,1,-4.046547,-0.311247,1
899,8,-0.503701,4.289823,1,4.337581,1.729893,1
900,9,2.104382,-1.652172,1,2.819286,3.747423,1
901,9,-0.424987,-2.75144,1,2.822138,1.679552,1
902,9,0.635185,-4.43839,1,2.867918,1.097975,1
903,9,4.017424,0.84174,1,-4.132541,4.378272,1
904,9,2.755413,0.225092,1,-0.18717,4.241239,1
905,9,1.005729,3.28397,1,3.521147,-0.082811,1
906,9,-1.16176,4.30302,1,3.637568,-3.39431,1
907,9,2.579952,1.259094,1,4.028501,-2.981849,1
908,9,-0.749922,-3.932116,1,1.819106,3.710377,1
909,9,3.243332,0.689245,1,-0.070993,-3.170965,1
910,9,1.236881,-1.735756,1,4.38275,0.879493,1
911,9,-1.111411,0.5137,1,3.001368,3.992652,1
912,9,2.742485,2.952246,1,-3.124032,4.392828,1
913,9,-4.423415,-4.33112,1,-0.686353,4.4641,1
914,9,0.872105,-2.537142,1,4.479052,-0.570994,1
915,9,3.253204,-3.393527,1,-1.029682,4.136282,1
916,9,-0.030718,3.720051,1,1.502224,-2.123808,1
917,9,1.142859,-1.970417,1,2.365889,3.48912,1
918,9,-0.284612,-3.479826,1,3.7224,2.374588,1
919,9,0.037843,-3.978323,1,3.694189,-1.760792,1
920,9,0.23781,-3.133756,1,3.437836,-0.285465,1
921,9,2.988799,2.751824,1,4.315292,-2.894063,1
922,9,-1.248639,4.13269,1,2.868501,0.889154,1
923,9,2.112993,3.077274,1,4.464191,-0.341977,1
924,9,3.994573,-3.208453,1,2.864376,1.573115,1
925,9,2.052626,-1.523062,1,2.781746,2.800638,1
926,9,1.59358,3.299567,1,2.304947,-0.75753,1
927,9,4.061915,-1.39141,1,-1.201865,0.253837,1
928,9,0.109353,-2.107136,1,3.091129,2.596781,1
929,9,-0.910075,4.364036,1,-0.298286,-3.296229,1
930,9,4.042386,0.378412,1,-0.365456,-2.215402,1
931,9,-3.475673,4.360248,1,1.332957,3.013037,1
932,9,3.167883,2.606896,1,1.950245,-2.231112,1
933,9,1.797137,4.488807,1,3.993006,0.454484,1
934,9,-3.783667,-2.096488,1,2.399806,3.535247,1
935,9,3.506413,2.289066,1,-2.042,0.103747,1
936,9,0.397259,-3.265335,1,1.406739,3.05914,1
937,9,3.097695,2.964241,1,0.345457,-3.897496,1
938,9,-1.86049,0.743517,1,3.985066,-3.003503,1
939,9,2.912598,2.039593,1,0.691784,-3.191104,1
940,9,0.52696,-3.378409,1,2.739363,0.472918,1
941,9,1.789348,3.568676,1,-2.285098,4.355658,1
942,9,-0.024008,-3.504394,1,-0.042596,4.095668,1
943,9,3.038875,4.366233,1,1.785473,-1.556578,1
944,9,2.951878,2.214188,1,4.192772,-2.073018,1
945,9,0.088496,-2.65092,1,2.705534,1.909418,1
946,9,2.430462,-1.223715,1,1.771459,2.918544,1
947,9,0.728703,-2.692757,1,2.459954,4.449755,1
948,9,-0.31201,-3.95788,1,-0.162206,3.811643,1
949,9,3.614526,-0.667166,1,2.47304,4.388341,1
950,9,0.273807,1.880432,1,-4.484112,-4.470178,1
951,9,1.392781,-1.536279,1,-0.629241,4.339802,1
952,9,-0.439958,-4.371012,1,-2.075656,4.448683,1
953,9,-0.202504,-3.486971,1,3.100081,3.05513,1
954,9,2.540236,3.749078,1,4.327179,-3.109083,1
955,9,2.632251,0.247548,1,-0.845707,-3.804376,1
956,9,0.65663,-4.023676,1,2.910078,-0.322275,1
957,9,2.002934,3.313804,1,0.77865,-3.233103,1
958,9,-0.190541,-2.42911,1,2.706207,3.214217,1
959,9,-1.734979,0.209241,1,3.964898,-1.957765,1
960,9,-0.012731,-3.964209,1,2.991122,1.78811,1
961,9,0.029504,-4.119796,1,3.001262,2.208944,1
962,9,3.828189,0.371192,1,1.760228,4.147379,1
963,9,2.298676,3.841469,1,3.797088,-2.343011,1
964,9,2.998628,-2.057548,1,2.95849,3.334936,1
965,9,3.894187,-0.401407,1,-3.727731,-1.980177,1
966,9,-2.214535,0.31795,1,3.507008,2.279974,1
967,9,2.995403,3.736392,1,0.048541,-4.170777,1
968,9,1.360625,-1.972668,1,1.043788,2.944556,1
969,9,3.803086,-1.525992,1,-0.128085,-2.725237,1
970,9,3.322337,-1.481355,1,1.829779,3.101796,1
971,9,3.288653,2.386642,1,2.552925,-2.993082,1
972,9,3.220035,-0.867531,1,-4.362805,4.336346,1
973,9,2.744116,0.353695,1,-0.438122,-3.524786,1
974,9,-0.531562,-3.956607,1,4.166218,1.632501,1
975,9,4.489102,-1.654388,1,-0.83856,-3.685026,1
976,9,-1.419604,0.708921,1,3.667435,-1.425073,1
977,9,2.05052,3.094157,1,3.788262,-0.686284,1
978,9,0.001667,-1.984298,1,-3.630378,4.23799,1
979,9,3.899626,1.015282,1,-0.2013,-3.249232,1
980,9,0.370445,-3.932252,1,4.354037,-1.698427,1
981,9,0.512076,-3.541102,1,3.772295,0.964106,1
982,9,4.350555,-0.21525,1,1.101525,3.324107,1
983,9,2.793636,2.633281,1,-3.659936,-2.545651,1
984,9,4.088017,-2.690933,1,2.869254,3.546194,1
985,9,1.64416,3.39604,1,-0.288783,-3.580068,1
986,9,3.296136,-1.8501,1,2.928182,3.947318,1
987,9,-0.133403,-2.105348,1,3.47475,0.128201,1
988,9,-1.030195,-4.483368,1,3.949395,-2.51098,1
989,9,2.101571,1.108802,1,-0.232844,-3.410851,1
990,9,-1.597522,0.444269,1,4.382627,-1.183303,1
991,9,-0.446488,-4.122066,1,3.145926,3.572689,1
992,9,-1.969997,0.268382,1,2.695905,0.081938,1
993,9,3.00997,-1.434742,1,-1.123574,-3.899874,1
994,9,3.52754,-2.632865,1,-4.156939,4.331542,1
995,9,3.72683,-3.160091,1,3.497506,2.578683,1
996,9,2.697592,-1.575884,1,-1.048606,-3.918208,1
997,9,3.503744,-2.569883,1,2.040402,3.037092,1
998,9,2.352235,4.012069,1,2.283454,-1.996986,1
999,9,2.599498,-0.236256,1,2.270741,4.347516,1
